{
    "x": 78887.28326190737,
    "y": 81903.0,
    "k": 6461105161.0,
    "xReal": 48506.12095695269,
    "yReal": 25065.049821444114,
    "xVirtual": 30381.16230495469,
    "yVirtual": 56837.95017855588,
    "priceCurrent": 1.0382281733302992,
    "priceUpper": 7,
    "priceLower": 0.5
}